url,reg_code,reg_code_3,reg_name,num_tour,inscrits_nb,abstention_nb,abstention_pourc,votants_nb,blancs_nb,blancs_pourc_inscrits,blancs_pourc_votants,nuls_nb,nuls_pourc_inscrits,nuls_pourc_votants,exprimes_nb,exprimes_pourc_inscrits,exprimes_pourc_votants,cand_num_panneau,cand_nom,cand_prenom,cand_civil,cand_nb_voix,cand_rapport_exprim,cand_rapport_inscrits
https://www.resultats-elections.interieur.gouv.fr/telechargements/PR2022/resultatsT1/001/001.xml,01,001,Guadeloupe,1,316023,174592,55.25,141431,2719,0.86,1.92,3627,1.15,2.56,135085,42.75,95.51,1,ARTHAUD,Nathalie,Mme,1084,0.80,0.34
https://www.resultats-elections.interieur.gouv.fr/telechargements/PR2022/resultatsT1/001/001.xml,01,001,Guadeloupe,1,316023,174592,55.25,141431,2719,0.86,1.92,3627,1.15,2.56,135085,42.75,95.51,2,ROUSSEL,Fabien,M.,668,0.49,0.21
https://www.resultats-elections.interieur.gouv.fr/telechargements/PR2022/resultatsT1/001/001.xml,01,001,Guadeloupe,1,316023,174592,55.25,141431,2719,0.86,1.92,3627,1.15,2.56,135085,42.75,95.51,3,MACRON,Emmanuel,M.,18137,13.43,5.74
https://www.resultats-elections.interieur.gouv.fr/telechargements/PR2022/resultatsT1/001/001.xml,01,001,Guadeloupe,1,316023,174592,55.25,141431,2719,0.86,1.92,3627,1.15,2.56,135085,42.75,95.51,4,LASSALLE,Jean,M.,1033,0.76,0.33
https://www.resultats-elections.interieur.gouv.fr/telechargements/PR2022/resultatsT1/001/001.xml,01,001,Guadeloupe,1,316023,174592,55.25,141431,2719,0.86,1.92,3627,1.15,2.56,135085,42.75,95.51,5,LE PEN,Marine,Mme,24204,17.92,7.66
https://www.resultats-elections.interieur.gouv.fr/telechargements/PR2022/resultatsT1/001/001.xml,01,001,Guadeloupe,1,316023,174592,55.25,141431,2719,0.86,1.92,3627,1.15,2.56,135085,42.75,95.51,6,ZEMMOUR,Éric,M.,3098,2.29,0.98
https://www.resultats-elections.interieur.gouv.fr/telechargements/PR2022/resultatsT1/001/001.xml,01,001,Guadeloupe,1,316023,174592,55.25,141431,2719,0.86,1.92,3627,1.15,2.56,135085,42.75,95.51,7,MÉLENCHON,Jean-Luc,M.,75862,56.16,24.01
https://www.resultats-elections.interieur.gouv.fr/telechargements/PR2022/resultatsT1/001/001.xml,01,001,Guadeloupe,1,316023,174592,55.25,141431,2719,0.86,1.92,3627,1.15,2.56,135085,42.75,95.51,8,HIDALGO,Anne,Mme,2266,1.68,0.72
https://www.resultats-elections.interieur.gouv.fr/telechargements/PR2022/resultatsT1/001/001.xml,01,001,Guadeloupe,1,316023,174592,55.25,141431,2719,0.86,1.92,3627,1.15,2.56,135085,42.75,95.51,9,JADOT,Yannick,M.,1927,1.43,0.61
https://www.resultats-elections.interieur.gouv.fr/telechargements/PR2022/resultatsT1/001/001.xml,01,001,Guadeloupe,1,316023,174592,55.25,141431,2719,0.86,1.92,3627,1.15,2.56,135085,42.75,95.51,10,PÉCRESSE,Valérie,Mme,3979,2.95,1.26
https://www.resultats-elections.interieur.gouv.fr/telechargements/PR2022/resultatsT1/001/001.xml,01,001,Guadeloupe,1,316023,174592,55.25,141431,2719,0.86,1.92,3627,1.15,2.56,135085,42.75,95.51,11,POUTOU,Philippe,M.,713,0.53,0.23
https://www.resultats-elections.interieur.gouv.fr/telechargements/PR2022/resultatsT1/001/001.xml,01,001,Guadeloupe,1,316023,174592,55.25,141431,2719,0.86,1.92,3627,1.15,2.56,135085,42.75,95.51,12,DUPONT-AIGNAN,Nicolas,M.,2114,1.56,0.67
https://www.resultats-elections.interieur.gouv.fr/telechargements/PR2022/resultatsT1/002/002.xml,02,002,Martinique,1,304594,174588,57.32,130006,4001,1.31,3.08,3056,1.00,2.35,122949,40.36,94.57,1,ARTHAUD,Nathalie,Mme,1447,1.18,0.48
https://www.resultats-elections.interieur.gouv.fr/telechargements/PR2022/resultatsT1/002/002.xml,02,002,Martinique,1,304594,174588,57.32,130006,4001,1.31,3.08,3056,1.00,2.35,122949,40.36,94.57,2,ROUSSEL,Fabien,M.,747,0.61,0.25
https://www.resultats-elections.interieur.gouv.fr/telechargements/PR2022/resultatsT1/002/002.xml,02,002,Martinique,1,304594,174588,57.32,130006,4001,1.31,3.08,3056,1.00,2.35,122949,40.36,94.57,3,MACRON,Emmanuel,M.,20043,16.30,6.58
https://www.resultats-elections.interieur.gouv.fr/telechargements/PR2022/resultatsT1/002/002.xml,02,002,Martinique,1,304594,174588,57.32,130006,4001,1.31,3.08,3056,1.00,2.35,122949,40.36,94.57,4,LASSALLE,Jean,M.,1162,0.95,0.38
https://www.resultats-elections.interieur.gouv.fr/telechargements/PR2022/resultatsT1/002/002.xml,02,002,Martinique,1,304594,174588,57.32,130006,4001,1.31,3.08,3056,1.00,2.35,122949,40.36,94.57,5,LE PEN,Marine,Mme,16495,13.42,5.42
https://www.resultats-elections.interieur.gouv.fr/telechargements/PR2022/resultatsT1/002/002.xml,02,002,Martinique,1,304594,174588,57.32,130006,4001,1.31,3.08,3056,1.00,2.35,122949,40.36,94.57,6,ZEMMOUR,Éric,M.,3153,2.56,1.04
https://www.resultats-elections.interieur.gouv.fr/telechargements/PR2022/resultatsT1/002/002.xml,02,002,Martinique,1,304594,174588,57.32,130006,4001,1.31,3.08,3056,1.00,2.35,122949,40.36,94.57,7,MÉLENCHON,Jean-Luc,M.,65292,53.10,21.44
https://www.resultats-elections.interieur.gouv.fr/telechargements/PR2022/resultatsT1/002/002.xml,02,002,Martinique,1,304594,174588,57.32,130006,4001,1.31,3.08,3056,1.00,2.35,122949,40.36,94.57,8,HIDALGO,Anne,Mme,3935,3.20,1.29
https://www.resultats-elections.interieur.gouv.fr/telechargements/PR2022/resultatsT1/002/002.xml,02,002,Martinique,1,304594,174588,57.32,130006,4001,1.31,3.08,3056,1.00,2.35,122949,40.36,94.57,9,JADOT,Yannick,M.,1978,1.61,0.65
https://www.resultats-elections.interieur.gouv.fr/telechargements/PR2022/resultatsT1/002/002.xml,02,002,Martinique,1,304594,174588,57.32,130006,4001,1.31,3.08,3056,1.00,2.35,122949,40.36,94.57,10,PÉCRESSE,Valérie,Mme,4731,3.85,1.55
https://www.resultats-elections.interieur.gouv.fr/telechargements/PR2022/resultatsT1/002/002.xml,02,002,Martinique,1,304594,174588,57.32,130006,4001,1.31,3.08,3056,1.00,2.35,122949,40.36,94.57,11,POUTOU,Philippe,M.,977,0.79,0.32
https://www.resultats-elections.interieur.gouv.fr/telechargements/PR2022/resultatsT1/002/002.xml,02,002,Martinique,1,304594,174588,57.32,130006,4001,1.31,3.08,3056,1.00,2.35,122949,40.36,94.57,12,DUPONT-AIGNAN,Nicolas,M.,2989,2.43,0.98
https://www.resultats-elections.interieur.gouv.fr/telechargements/PR2022/resultatsT1/003/003.xml,03,003,Guyane,1,102993,65754,63.84,37239,825,0.80,2.22,553,0.54,1.49,35861,34.82,96.30,1,ARTHAUD,Nathalie,Mme,297,0.83,0.29
https://www.resultats-elections.interieur.gouv.fr/telechargements/PR2022/resultatsT1/003/003.xml,03,003,Guyane,1,102993,65754,63.84,37239,825,0.80,2.22,553,0.54,1.49,35861,34.82,96.30,2,ROUSSEL,Fabien,M.,246,0.69,0.24
https://www.resultats-elections.interieur.gouv.fr/telechargements/PR2022/resultatsT1/003/003.xml,03,003,Guyane,1,102993,65754,63.84,37239,825,0.80,2.22,553,0.54,1.49,35861,34.82,96.30,3,MACRON,Emmanuel,M.,5101,14.22,4.95
https://www.resultats-elections.interieur.gouv.fr/telechargements/PR2022/resultatsT1/003/003.xml,03,003,Guyane,1,102993,65754,63.84,37239,825,0.80,2.22,553,0.54,1.49,35861,34.82,96.30,4,LASSALLE,Jean,M.,516,1.44,0.50
https://www.resultats-elections.interieur.gouv.fr/telechargements/PR2022/resultatsT1/003/003.xml,03,003,Guyane,1,102993,65754,63.84,37239,825,0.80,2.22,553,0.54,1.49,35861,34.82,96.30,5,LE PEN,Marine,Mme,6334,17.66,6.15
https://www.resultats-elections.interieur.gouv.fr/telechargements/PR2022/resultatsT1/003/003.xml,03,003,Guyane,1,102993,65754,63.84,37239,825,0.80,2.22,553,0.54,1.49,35861,34.82,96.30,6,ZEMMOUR,Éric,M.,1573,4.39,1.53
https://www.resultats-elections.interieur.gouv.fr/telechargements/PR2022/resultatsT1/003/003.xml,03,003,Guyane,1,102993,65754,63.84,37239,825,0.80,2.22,553,0.54,1.49,35861,34.82,96.30,7,MÉLENCHON,Jean-Luc,M.,18143,50.59,17.62
https://www.resultats-elections.interieur.gouv.fr/telechargements/PR2022/resultatsT1/003/003.xml,03,003,Guyane,1,102993,65754,63.84,37239,825,0.80,2.22,553,0.54,1.49,35861,34.82,96.30,8,HIDALGO,Anne,Mme,535,1.49,0.52
https://www.resultats-elections.interieur.gouv.fr/telechargements/PR2022/resultatsT1/003/003.xml,03,003,Guyane,1,102993,65754,63.84,37239,825,0.80,2.22,553,0.54,1.49,35861,34.82,96.30,9,JADOT,Yannick,M.,940,2.62,0.91
https://www.resultats-elections.interieur.gouv.fr/telechargements/PR2022/resultatsT1/003/003.xml,03,003,Guyane,1,102993,65754,63.84,37239,825,0.80,2.22,553,0.54,1.49,35861,34.82,96.30,10,PÉCRESSE,Valérie,Mme,997,2.78,0.97
https://www.resultats-elections.interieur.gouv.fr/telechargements/PR2022/resultatsT1/003/003.xml,03,003,Guyane,1,102993,65754,63.84,37239,825,0.80,2.22,553,0.54,1.49,35861,34.82,96.30,11,POUTOU,Philippe,M.,462,1.29,0.45
https://www.resultats-elections.interieur.gouv.fr/telechargements/PR2022/resultatsT1/003/003.xml,03,003,Guyane,1,102993,65754,63.84,37239,825,0.80,2.22,553,0.54,1.49,35861,34.82,96.30,12,DUPONT-AIGNAN,Nicolas,M.,717,2.00,0.70
https://www.resultats-elections.interieur.gouv.fr/telechargements/PR2022/resultatsT1/004/004.xml,04,004,La Réunion,1,675539,313159,46.36,362380,7361,1.09,2.03,8253,1.22,2.28,346766,51.33,95.69,1,ARTHAUD,Nathalie,Mme,3538,1.02,0.52
https://www.resultats-elections.interieur.gouv.fr/telechargements/PR2022/resultatsT1/004/004.xml,04,004,La Réunion,1,675539,313159,46.36,362380,7361,1.09,2.03,8253,1.22,2.28,346766,51.33,95.69,2,ROUSSEL,Fabien,M.,3074,0.89,0.46
https://www.resultats-elections.interieur.gouv.fr/telechargements/PR2022/resultatsT1/004/004.xml,04,004,La Réunion,1,675539,313159,46.36,362380,7361,1.09,2.03,8253,1.22,2.28,346766,51.33,95.69,3,MACRON,Emmanuel,M.,62542,18.04,9.26
https://www.resultats-elections.interieur.gouv.fr/telechargements/PR2022/resultatsT1/004/004.xml,04,004,La Réunion,1,675539,313159,46.36,362380,7361,1.09,2.03,8253,1.22,2.28,346766,51.33,95.69,4,LASSALLE,Jean,M.,4844,1.40,0.72
https://www.resultats-elections.interieur.gouv.fr/telechargements/PR2022/resultatsT1/004/004.xml,04,004,La Réunion,1,675539,313159,46.36,362380,7361,1.09,2.03,8253,1.22,2.28,346766,51.33,95.69,5,LE PEN,Marine,Mme,85770,24.73,12.70
https://www.resultats-elections.interieur.gouv.fr/telechargements/PR2022/resultatsT1/004/004.xml,04,004,La Réunion,1,675539,313159,46.36,362380,7361,1.09,2.03,8253,1.22,2.28,346766,51.33,95.69,6,ZEMMOUR,Éric,M.,13070,3.77,1.93
https://www.resultats-elections.interieur.gouv.fr/telechargements/PR2022/resultatsT1/004/004.xml,04,004,La Réunion,1,675539,313159,46.36,362380,7361,1.09,2.03,8253,1.22,2.28,346766,51.33,95.69,7,MÉLENCHON,Jean-Luc,M.,139604,40.26,20.67
https://www.resultats-elections.interieur.gouv.fr/telechargements/PR2022/resultatsT1/004/004.xml,04,004,La Réunion,1,675539,313159,46.36,362380,7361,1.09,2.03,8253,1.22,2.28,346766,51.33,95.69,8,HIDALGO,Anne,Mme,5549,1.60,0.82
https://www.resultats-elections.interieur.gouv.fr/telechargements/PR2022/resultatsT1/004/004.xml,04,004,La Réunion,1,675539,313159,46.36,362380,7361,1.09,2.03,8253,1.22,2.28,346766,51.33,95.69,9,JADOT,Yannick,M.,7994,2.31,1.18
https://www.resultats-elections.interieur.gouv.fr/telechargements/PR2022/resultatsT1/004/004.xml,04,004,La Réunion,1,675539,313159,46.36,362380,7361,1.09,2.03,8253,1.22,2.28,346766,51.33,95.69,10,PÉCRESSE,Valérie,Mme,9738,2.81,1.44
https://www.resultats-elections.interieur.gouv.fr/telechargements/PR2022/resultatsT1/004/004.xml,04,004,La Réunion,1,675539,313159,46.36,362380,7361,1.09,2.03,8253,1.22,2.28,346766,51.33,95.69,11,POUTOU,Philippe,M.,2705,0.78,0.40
https://www.resultats-elections.interieur.gouv.fr/telechargements/PR2022/resultatsT1/004/004.xml,04,004,La Réunion,1,675539,313159,46.36,362380,7361,1.09,2.03,8253,1.22,2.28,346766,51.33,95.69,12,DUPONT-AIGNAN,Nicolas,M.,8338,2.40,1.23
https://www.resultats-elections.interieur.gouv.fr/telechargements/PR2022/resultatsT1/006/006.xml,06,006,Mayotte,1,92187,55024,59.69,37163,923,1.00,2.48,1190,1.29,3.20,35050,38.02,94.31,1,ARTHAUD,Nathalie,Mme,430,1.23,0.47
https://www.resultats-elections.interieur.gouv.fr/telechargements/PR2022/resultatsT1/006/006.xml,06,006,Mayotte,1,92187,55024,59.69,37163,923,1.00,2.48,1190,1.29,3.20,35050,38.02,94.31,2,ROUSSEL,Fabien,M.,206,0.59,0.22
https://www.resultats-elections.interieur.gouv.fr/telechargements/PR2022/resultatsT1/006/006.xml,06,006,Mayotte,1,92187,55024,59.69,37163,923,1.00,2.48,1190,1.29,3.20,35050,38.02,94.31,3,MACRON,Emmanuel,M.,5936,16.94,6.44
https://www.resultats-elections.interieur.gouv.fr/telechargements/PR2022/resultatsT1/006/006.xml,06,006,Mayotte,1,92187,55024,59.69,37163,923,1.00,2.48,1190,1.29,3.20,35050,38.02,94.31,4,LASSALLE,Jean,M.,359,1.02,0.39
https://www.resultats-elections.interieur.gouv.fr/telechargements/PR2022/resultatsT1/006/006.xml,06,006,Mayotte,1,92187,55024,59.69,37163,923,1.00,2.48,1190,1.29,3.20,35050,38.02,94.31,5,LE PEN,Marine,Mme,14958,42.68,16.23
https://www.resultats-elections.interieur.gouv.fr/telechargements/PR2022/resultatsT1/006/006.xml,06,006,Mayotte,1,92187,55024,59.69,37163,923,1.00,2.48,1190,1.29,3.20,35050,38.02,94.31,6,ZEMMOUR,Éric,M.,482,1.38,0.52
https://www.resultats-elections.interieur.gouv.fr/telechargements/PR2022/resultatsT1/006/006.xml,06,006,Mayotte,1,92187,55024,59.69,37163,923,1.00,2.48,1190,1.29,3.20,35050,38.02,94.31,7,MÉLENCHON,Jean-Luc,M.,8398,23.96,9.11
https://www.resultats-elections.interieur.gouv.fr/telechargements/PR2022/resultatsT1/006/006.xml,06,006,Mayotte,1,92187,55024,59.69,37163,923,1.00,2.48,1190,1.29,3.20,35050,38.02,94.31,8,HIDALGO,Anne,Mme,318,0.91,0.34
https://www.resultats-elections.interieur.gouv.fr/telechargements/PR2022/resultatsT1/006/006.xml,06,006,Mayotte,1,92187,55024,59.69,37163,923,1.00,2.48,1190,1.29,3.20,35050,38.02,94.31,9,JADOT,Yannick,M.,295,0.84,0.32
https://www.resultats-elections.interieur.gouv.fr/telechargements/PR2022/resultatsT1/006/006.xml,06,006,Mayotte,1,92187,55024,59.69,37163,923,1.00,2.48,1190,1.29,3.20,35050,38.02,94.31,10,PÉCRESSE,Valérie,Mme,2810,8.02,3.05
https://www.resultats-elections.interieur.gouv.fr/telechargements/PR2022/resultatsT1/006/006.xml,06,006,Mayotte,1,92187,55024,59.69,37163,923,1.00,2.48,1190,1.29,3.20,35050,38.02,94.31,11,POUTOU,Philippe,M.,328,0.94,0.36
https://www.resultats-elections.interieur.gouv.fr/telechargements/PR2022/resultatsT1/006/006.xml,06,006,Mayotte,1,92187,55024,59.69,37163,923,1.00,2.48,1190,1.29,3.20,35050,38.02,94.31,12,DUPONT-AIGNAN,Nicolas,M.,530,1.51,0.57
https://www.resultats-elections.interieur.gouv.fr/telechargements/PR2022/resultatsT1/011/011.xml,11,011,Île-de-France,1,7349282,1760670,23.96,5588612,76654,1.04,1.37,26113,0.36,0.47,5485845,74.64,98.16,1,ARTHAUD,Nathalie,Mme,21907,0.40,0.30
https://www.resultats-elections.interieur.gouv.fr/telechargements/PR2022/resultatsT1/011/011.xml,11,011,Île-de-France,1,7349282,1760670,23.96,5588612,76654,1.04,1.37,26113,0.36,0.47,5485845,74.64,98.16,2,ROUSSEL,Fabien,M.,105170,1.92,1.43
https://www.resultats-elections.interieur.gouv.fr/telechargements/PR2022/resultatsT1/011/011.xml,11,011,Île-de-France,1,7349282,1760670,23.96,5588612,76654,1.04,1.37,26113,0.36,0.47,5485845,74.64,98.16,3,MACRON,Emmanuel,M.,1656341,30.19,22.54
https://www.resultats-elections.interieur.gouv.fr/telechargements/PR2022/resultatsT1/011/011.xml,11,011,Île-de-France,1,7349282,1760670,23.96,5588612,76654,1.04,1.37,26113,0.36,0.47,5485845,74.64,98.16,4,LASSALLE,Jean,M.,87372,1.59,1.19
https://www.resultats-elections.interieur.gouv.fr/telechargements/PR2022/resultatsT1/011/011.xml,11,011,Île-de-France,1,7349282,1760670,23.96,5588612,76654,1.04,1.37,26113,0.36,0.47,5485845,74.64,98.16,5,LE PEN,Marine,Mme,711690,12.97,9.68
https://www.resultats-elections.interieur.gouv.fr/telechargements/PR2022/resultatsT1/011/011.xml,11,011,Île-de-France,1,7349282,1760670,23.96,5588612,76654,1.04,1.37,26113,0.36,0.47,5485845,74.64,98.16,6,ZEMMOUR,Éric,M.,409532,7.47,5.57
https://www.resultats-elections.interieur.gouv.fr/telechargements/PR2022/resultatsT1/011/011.xml,11,011,Île-de-France,1,7349282,1760670,23.96,5588612,76654,1.04,1.37,26113,0.36,0.47,5485845,74.64,98.16,7,MÉLENCHON,Jean-Luc,M.,1659152,30.24,22.58
https://www.resultats-elections.interieur.gouv.fr/telechargements/PR2022/resultatsT1/011/011.xml,11,011,Île-de-France,1,7349282,1760670,23.96,5588612,76654,1.04,1.37,26113,0.36,0.47,5485845,74.64,98.16,8,HIDALGO,Anne,Mme,78561,1.43,1.07
https://www.resultats-elections.interieur.gouv.fr/telechargements/PR2022/resultatsT1/011/011.xml,11,011,Île-de-France,1,7349282,1760670,23.96,5588612,76654,1.04,1.37,26113,0.36,0.47,5485845,74.64,98.16,9,JADOT,Yannick,M.,296229,5.40,4.03
https://www.resultats-elections.interieur.gouv.fr/telechargements/PR2022/resultatsT1/011/011.xml,11,011,Île-de-France,1,7349282,1760670,23.96,5588612,76654,1.04,1.37,26113,0.36,0.47,5485845,74.64,98.16,10,PÉCRESSE,Valérie,Mme,339468,6.19,4.62
https://www.resultats-elections.interieur.gouv.fr/telechargements/PR2022/resultatsT1/011/011.xml,11,011,Île-de-France,1,7349282,1760670,23.96,5588612,76654,1.04,1.37,26113,0.36,0.47,5485845,74.64,98.16,11,POUTOU,Philippe,M.,33063,0.60,0.45
https://www.resultats-elections.interieur.gouv.fr/telechargements/PR2022/resultatsT1/011/011.xml,11,011,Île-de-France,1,7349282,1760670,23.96,5588612,76654,1.04,1.37,26113,0.36,0.47,5485845,74.64,98.16,12,DUPONT-AIGNAN,Nicolas,M.,87360,1.59,1.19
https://www.resultats-elections.interieur.gouv.fr/telechargements/PR2022/resultatsT1/024/024.xml,24,024,Centre-Val de Loire,1,1837328,459528,25.01,1377800,23216,1.26,1.69,9311,0.51,0.68,1345273,73.22,97.64,1,ARTHAUD,Nathalie,Mme,9256,0.69,0.50
https://www.resultats-elections.interieur.gouv.fr/telechargements/PR2022/resultatsT1/024/024.xml,24,024,Centre-Val de Loire,1,1837328,459528,25.01,1377800,23216,1.26,1.69,9311,0.51,0.68,1345273,73.22,97.64,2,ROUSSEL,Fabien,M.,33590,2.50,1.83
https://www.resultats-elections.interieur.gouv.fr/telechargements/PR2022/resultatsT1/024/024.xml,24,024,Centre-Val de Loire,1,1837328,459528,25.01,1377800,23216,1.26,1.69,9311,0.51,0.68,1345273,73.22,97.64,3,MACRON,Emmanuel,M.,383851,28.53,20.89
https://www.resultats-elections.interieur.gouv.fr/telechargements/PR2022/resultatsT1/024/024.xml,24,024,Centre-Val de Loire,1,1837328,459528,25.01,1377800,23216,1.26,1.69,9311,0.51,0.68,1345273,73.22,97.64,4,LASSALLE,Jean,M.,38659,2.87,2.10
https://www.resultats-elections.interieur.gouv.fr/telechargements/PR2022/resultatsT1/024/024.xml,24,024,Centre-Val de Loire,1,1837328,459528,25.01,1377800,23216,1.26,1.69,9311,0.51,0.68,1345273,73.22,97.64,5,LE PEN,Marine,Mme,347845,25.86,18.93
https://www.resultats-elections.interieur.gouv.fr/telechargements/PR2022/resultatsT1/024/024.xml,24,024,Centre-Val de Loire,1,1837328,459528,25.01,1377800,23216,1.26,1.69,9311,0.51,0.68,1345273,73.22,97.64,6,ZEMMOUR,Éric,M.,88575,6.58,4.82
https://www.resultats-elections.interieur.gouv.fr/telechargements/PR2022/resultatsT1/024/024.xml,24,024,Centre-Val de Loire,1,1837328,459528,25.01,1377800,23216,1.26,1.69,9311,0.51,0.68,1345273,73.22,97.64,7,MÉLENCHON,Jean-Luc,M.,251259,18.68,13.68
https://www.resultats-elections.interieur.gouv.fr/telechargements/PR2022/resultatsT1/024/024.xml,24,024,Centre-Val de Loire,1,1837328,459528,25.01,1377800,23216,1.26,1.69,9311,0.51,0.68,1345273,73.22,97.64,8,HIDALGO,Anne,Mme,23162,1.72,1.26
https://www.resultats-elections.interieur.gouv.fr/telechargements/PR2022/resultatsT1/024/024.xml,24,024,Centre-Val de Loire,1,1837328,459528,25.01,1377800,23216,1.26,1.69,9311,0.51,0.68,1345273,73.22,97.64,9,JADOT,Yannick,M.,54401,4.04,2.96
https://www.resultats-elections.interieur.gouv.fr/telechargements/PR2022/resultatsT1/024/024.xml,24,024,Centre-Val de Loire,1,1837328,459528,25.01,1377800,23216,1.26,1.69,9311,0.51,0.68,1345273,73.22,97.64,10,PÉCRESSE,Valérie,Mme,71690,5.33,3.90
https://www.resultats-elections.interieur.gouv.fr/telechargements/PR2022/resultatsT1/024/024.xml,24,024,Centre-Val de Loire,1,1837328,459528,25.01,1377800,23216,1.26,1.69,9311,0.51,0.68,1345273,73.22,97.64,11,POUTOU,Philippe,M.,11226,0.83,0.61
https://www.resultats-elections.interieur.gouv.fr/telechargements/PR2022/resultatsT1/024/024.xml,24,024,Centre-Val de Loire,1,1837328,459528,25.01,1377800,23216,1.26,1.69,9311,0.51,0.68,1345273,73.22,97.64,12,DUPONT-AIGNAN,Nicolas,M.,31759,2.36,1.73
https://www.resultats-elections.interieur.gouv.fr/telechargements/PR2022/resultatsT1/027/027.xml,27,027,Bourgogne-Franche-Comté,1,1992409,456682,22.92,1535727,26381,1.32,1.72,11642,0.58,0.76,1497704,75.17,97.52,1,ARTHAUD,Nathalie,Mme,10643,0.71,0.53
https://www.resultats-elections.interieur.gouv.fr/telechargements/PR2022/resultatsT1/027/027.xml,27,027,Bourgogne-Franche-Comté,1,1992409,456682,22.92,1535727,26381,1.32,1.72,11642,0.58,0.76,1497704,75.17,97.52,2,ROUSSEL,Fabien,M.,33932,2.27,1.70
https://www.resultats-elections.interieur.gouv.fr/telechargements/PR2022/resultatsT1/027/027.xml,27,027,Bourgogne-Franche-Comté,1,1992409,456682,22.92,1535727,26381,1.32,1.72,11642,0.58,0.76,1497704,75.17,97.52,3,MACRON,Emmanuel,M.,394117,26.31,19.78
https://www.resultats-elections.interieur.gouv.fr/telechargements/PR2022/resultatsT1/027/027.xml,27,027,Bourgogne-Franche-Comté,1,1992409,456682,22.92,1535727,26381,1.32,1.72,11642,0.58,0.76,1497704,75.17,97.52,4,LASSALLE,Jean,M.,49557,3.31,2.49
https://www.resultats-elections.interieur.gouv.fr/telechargements/PR2022/resultatsT1/027/027.xml,27,027,Bourgogne-Franche-Comté,1,1992409,456682,22.92,1535727,26381,1.32,1.72,11642,0.58,0.76,1497704,75.17,97.52,5,LE PEN,Marine,Mme,409639,27.35,20.56
https://www.resultats-elections.interieur.gouv.fr/telechargements/PR2022/resultatsT1/027/027.xml,27,027,Bourgogne-Franche-Comté,1,1992409,456682,22.92,1535727,26381,1.32,1.72,11642,0.58,0.76,1497704,75.17,97.52,6,ZEMMOUR,Éric,M.,107057,7.15,5.37
https://www.resultats-elections.interieur.gouv.fr/telechargements/PR2022/resultatsT1/027/027.xml,27,027,Bourgogne-Franche-Comté,1,1992409,456682,22.92,1535727,26381,1.32,1.72,11642,0.58,0.76,1497704,75.17,97.52,7,MÉLENCHON,Jean-Luc,M.,277899,18.56,13.95
https://www.resultats-elections.interieur.gouv.fr/telechargements/PR2022/resultatsT1/027/027.xml,27,027,Bourgogne-Franche-Comté,1,1992409,456682,22.92,1535727,26381,1.32,1.72,11642,0.58,0.76,1497704,75.17,97.52,8,HIDALGO,Anne,Mme,26543,1.77,1.33
https://www.resultats-elections.interieur.gouv.fr/telechargements/PR2022/resultatsT1/027/027.xml,27,027,Bourgogne-Franche-Comté,1,1992409,456682,22.92,1535727,26381,1.32,1.72,11642,0.58,0.76,1497704,75.17,97.52,9,JADOT,Yannick,M.,60235,4.02,3.02
https://www.resultats-elections.interieur.gouv.fr/telechargements/PR2022/resultatsT1/027/027.xml,27,027,Bourgogne-Franche-Comté,1,1992409,456682,22.92,1535727,26381,1.32,1.72,11642,0.58,0.76,1497704,75.17,97.52,10,PÉCRESSE,Valérie,Mme,76654,5.12,3.85
https://www.resultats-elections.interieur.gouv.fr/telechargements/PR2022/resultatsT1/027/027.xml,27,027,Bourgogne-Franche-Comté,1,1992409,456682,22.92,1535727,26381,1.32,1.72,11642,0.58,0.76,1497704,75.17,97.52,11,POUTOU,Philippe,M.,12737,0.85,0.64
https://www.resultats-elections.interieur.gouv.fr/telechargements/PR2022/resultatsT1/027/027.xml,27,027,Bourgogne-Franche-Comté,1,1992409,456682,22.92,1535727,26381,1.32,1.72,11642,0.58,0.76,1497704,75.17,97.52,12,DUPONT-AIGNAN,Nicolas,M.,38691,2.58,1.94
https://www.resultats-elections.interieur.gouv.fr/telechargements/PR2022/resultatsT1/028/028.xml,28,028,Normandie,1,2413749,590784,24.48,1822965,28947,1.20,1.59,10533,0.44,0.58,1783485,73.89,97.83,1,ARTHAUD,Nathalie,Mme,12839,0.72,0.53
https://www.resultats-elections.interieur.gouv.fr/telechargements/PR2022/resultatsT1/028/028.xml,28,028,Normandie,1,2413749,590784,24.48,1822965,28947,1.20,1.59,10533,0.44,0.58,1783485,73.89,97.83,2,ROUSSEL,Fabien,M.,46358,2.60,1.92
https://www.resultats-elections.interieur.gouv.fr/telechargements/PR2022/resultatsT1/028/028.xml,28,028,Normandie,1,2413749,590784,24.48,1822965,28947,1.20,1.59,10533,0.44,0.58,1783485,73.89,97.83,3,MACRON,Emmanuel,M.,521769,29.26,21.62
https://www.resultats-elections.interieur.gouv.fr/telechargements/PR2022/resultatsT1/028/028.xml,28,028,Normandie,1,2413749,590784,24.48,1822965,28947,1.20,1.59,10533,0.44,0.58,1783485,73.89,97.83,4,LASSALLE,Jean,M.,45488,2.55,1.88
https://www.resultats-elections.interieur.gouv.fr/telechargements/PR2022/resultatsT1/028/028.xml,28,028,Normandie,1,2413749,590784,24.48,1822965,28947,1.20,1.59,10533,0.44,0.58,1783485,73.89,97.83,5,LE PEN,Marine,Mme,484106,27.14,20.06
https://www.resultats-elections.interieur.gouv.fr/telechargements/PR2022/resultatsT1/028/028.xml,28,028,Normandie,1,2413749,590784,24.48,1822965,28947,1.20,1.59,10533,0.44,0.58,1783485,73.89,97.83,6,ZEMMOUR,Éric,M.,99446,5.58,4.12
https://www.resultats-elections.interieur.gouv.fr/telechargements/PR2022/resultatsT1/028/028.xml,28,028,Normandie,1,2413749,590784,24.48,1822965,28947,1.20,1.59,10533,0.44,0.58,1783485,73.89,97.83,7,MÉLENCHON,Jean-Luc,M.,335590,18.82,13.90
https://www.resultats-elections.interieur.gouv.fr/telechargements/PR2022/resultatsT1/028/028.xml,28,028,Normandie,1,2413749,590784,24.48,1822965,28947,1.20,1.59,10533,0.44,0.58,1783485,73.89,97.83,8,HIDALGO,Anne,Mme,30235,1.70,1.25
https://www.resultats-elections.interieur.gouv.fr/telechargements/PR2022/resultatsT1/028/028.xml,28,028,Normandie,1,2413749,590784,24.48,1822965,28947,1.20,1.59,10533,0.44,0.58,1783485,73.89,97.83,9,JADOT,Yannick,M.,73289,4.11,3.04
https://www.resultats-elections.interieur.gouv.fr/telechargements/PR2022/resultatsT1/028/028.xml,28,028,Normandie,1,2413749,590784,24.48,1822965,28947,1.20,1.59,10533,0.44,0.58,1783485,73.89,97.83,10,PÉCRESSE,Valérie,Mme,79800,4.47,3.31
https://www.resultats-elections.interieur.gouv.fr/telechargements/PR2022/resultatsT1/028/028.xml,28,028,Normandie,1,2413749,590784,24.48,1822965,28947,1.20,1.59,10533,0.44,0.58,1783485,73.89,97.83,11,POUTOU,Philippe,M.,16005,0.90,0.66
https://www.resultats-elections.interieur.gouv.fr/telechargements/PR2022/resultatsT1/028/028.xml,28,028,Normandie,1,2413749,590784,24.48,1822965,28947,1.20,1.59,10533,0.44,0.58,1783485,73.89,97.83,12,DUPONT-AIGNAN,Nicolas,M.,38560,2.16,1.60
https://www.resultats-elections.interieur.gouv.fr/telechargements/PR2022/resultatsT1/032/032.xml,32,032,Hauts-de-France,1,4255350,1146209,26.94,3109141,42994,1.01,1.38,21415,0.50,0.69,3044732,71.55,97.93,1,ARTHAUD,Nathalie,Mme,20977,0.69,0.49
https://www.resultats-elections.interieur.gouv.fr/telechargements/PR2022/resultatsT1/032/032.xml,32,032,Hauts-de-France,1,4255350,1146209,26.94,3109141,42994,1.01,1.38,21415,0.50,0.69,3044732,71.55,97.93,2,ROUSSEL,Fabien,M.,94831,3.11,2.23
https://www.resultats-elections.interieur.gouv.fr/telechargements/PR2022/resultatsT1/032/032.xml,32,032,Hauts-de-France,1,4255350,1146209,26.94,3109141,42994,1.01,1.38,21415,0.50,0.69,3044732,71.55,97.93,3,MACRON,Emmanuel,M.,773221,25.40,18.17
https://www.resultats-elections.interieur.gouv.fr/telechargements/PR2022/resultatsT1/032/032.xml,32,032,Hauts-de-France,1,4255350,1146209,26.94,3109141,42994,1.01,1.38,21415,0.50,0.69,3044732,71.55,97.93,4,LASSALLE,Jean,M.,62548,2.05,1.47
https://www.resultats-elections.interieur.gouv.fr/telechargements/PR2022/resultatsT1/032/032.xml,32,032,Hauts-de-France,1,4255350,1146209,26.94,3109141,42994,1.01,1.38,21415,0.50,0.69,3044732,71.55,97.93,5,LE PEN,Marine,Mme,1015361,33.35,23.86
https://www.resultats-elections.interieur.gouv.fr/telechargements/PR2022/resultatsT1/032/032.xml,32,032,Hauts-de-France,1,4255350,1146209,26.94,3109141,42994,1.01,1.38,21415,0.50,0.69,3044732,71.55,97.93,6,ZEMMOUR,Éric,M.,179606,5.90,4.22
https://www.resultats-elections.interieur.gouv.fr/telechargements/PR2022/resultatsT1/032/032.xml,32,032,Hauts-de-France,1,4255350,1146209,26.94,3109141,42994,1.01,1.38,21415,0.50,0.69,3044732,71.55,97.93,7,MÉLENCHON,Jean-Luc,M.,577878,18.98,13.58
https://www.resultats-elections.interieur.gouv.fr/telechargements/PR2022/resultatsT1/032/032.xml,32,032,Hauts-de-France,1,4255350,1146209,26.94,3109141,42994,1.01,1.38,21415,0.50,0.69,3044732,71.55,97.93,8,HIDALGO,Anne,Mme,40856,1.34,0.96
https://www.resultats-elections.interieur.gouv.fr/telechargements/PR2022/resultatsT1/032/032.xml,32,032,Hauts-de-France,1,4255350,1146209,26.94,3109141,42994,1.01,1.38,21415,0.50,0.69,3044732,71.55,97.93,9,JADOT,Yannick,M.,95234,3.13,2.24
https://www.resultats-elections.interieur.gouv.fr/telechargements/PR2022/resultatsT1/032/032.xml,32,032,Hauts-de-France,1,4255350,1146209,26.94,3109141,42994,1.01,1.38,21415,0.50,0.69,3044732,71.55,97.93,10,PÉCRESSE,Valérie,Mme,107631,3.53,2.53
https://www.resultats-elections.interieur.gouv.fr/telechargements/PR2022/resultatsT1/032/032.xml,32,032,Hauts-de-France,1,4255350,1146209,26.94,3109141,42994,1.01,1.38,21415,0.50,0.69,3044732,71.55,97.93,11,POUTOU,Philippe,M.,21150,0.69,0.50
https://www.resultats-elections.interieur.gouv.fr/telechargements/PR2022/resultatsT1/032/032.xml,32,032,Hauts-de-France,1,4255350,1146209,26.94,3109141,42994,1.01,1.38,21415,0.50,0.69,3044732,71.55,97.93,12,DUPONT-AIGNAN,Nicolas,M.,55439,1.82,1.30
https://www.resultats-elections.interieur.gouv.fr/telechargements/PR2022/resultatsT1/044/044.xml,44,044,Grand Est,1,3862920,1008344,26.10,2854576,42256,1.09,1.48,18507,0.48,0.65,2793813,72.32,97.87,1,ARTHAUD,Nathalie,Mme,18658,0.67,0.48
https://www.resultats-elections.interieur.gouv.fr/telechargements/PR2022/resultatsT1/044/044.xml,44,044,Grand Est,1,3862920,1008344,26.10,2854576,42256,1.09,1.48,18507,0.48,0.65,2793813,72.32,97.87,2,ROUSSEL,Fabien,M.,47425,1.70,1.23
https://www.resultats-elections.interieur.gouv.fr/telechargements/PR2022/resultatsT1/044/044.xml,44,044,Grand Est,1,3862920,1008344,26.10,2854576,42256,1.09,1.48,18507,0.48,0.65,2793813,72.32,97.87,3,MACRON,Emmanuel,M.,762282,27.28,19.73
https://www.resultats-elections.interieur.gouv.fr/telechargements/PR2022/resultatsT1/044/044.xml,44,044,Grand Est,1,3862920,1008344,26.10,2854576,42256,1.09,1.48,18507,0.48,0.65,2793813,72.32,97.87,4,LASSALLE,Jean,M.,77442,2.77,2.00
https://www.resultats-elections.interieur.gouv.fr/telechargements/PR2022/resultatsT1/044/044.xml,44,044,Grand Est,1,3862920,1008344,26.10,2854576,42256,1.09,1.48,18507,0.48,0.65,2793813,72.32,97.87,5,LE PEN,Marine,Mme,825219,29.54,21.36
https://www.resultats-elections.interieur.gouv.fr/telechargements/PR2022/resultatsT1/044/044.xml,44,044,Grand Est,1,3862920,1008344,26.10,2854576,42256,1.09,1.48,18507,0.48,0.65,2793813,72.32,97.87,6,ZEMMOUR,Éric,M.,200265,7.17,5.18
https://www.resultats-elections.interieur.gouv.fr/telechargements/PR2022/resultatsT1/044/044.xml,44,044,Grand Est,1,3862920,1008344,26.10,2854576,42256,1.09,1.48,18507,0.48,0.65,2793813,72.32,97.87,7,MÉLENCHON,Jean-Luc,M.,492439,17.63,12.75
https://www.resultats-elections.interieur.gouv.fr/telechargements/PR2022/resultatsT1/044/044.xml,44,044,Grand Est,1,3862920,1008344,26.10,2854576,42256,1.09,1.48,18507,0.48,0.65,2793813,72.32,97.87,8,HIDALGO,Anne,Mme,40031,1.43,1.04
https://www.resultats-elections.interieur.gouv.fr/telechargements/PR2022/resultatsT1/044/044.xml,44,044,Grand Est,1,3862920,1008344,26.10,2854576,42256,1.09,1.48,18507,0.48,0.65,2793813,72.32,97.87,9,JADOT,Yannick,M.,111960,4.01,2.90
https://www.resultats-elections.interieur.gouv.fr/telechargements/PR2022/resultatsT1/044/044.xml,44,044,Grand Est,1,3862920,1008344,26.10,2854576,42256,1.09,1.48,18507,0.48,0.65,2793813,72.32,97.87,10,PÉCRESSE,Valérie,Mme,120931,4.33,3.13
https://www.resultats-elections.interieur.gouv.fr/telechargements/PR2022/resultatsT1/044/044.xml,44,044,Grand Est,1,3862920,1008344,26.10,2854576,42256,1.09,1.48,18507,0.48,0.65,2793813,72.32,97.87,11,POUTOU,Philippe,M.,22243,0.80,0.58
https://www.resultats-elections.interieur.gouv.fr/telechargements/PR2022/resultatsT1/044/044.xml,44,044,Grand Est,1,3862920,1008344,26.10,2854576,42256,1.09,1.48,18507,0.48,0.65,2793813,72.32,97.87,12,DUPONT-AIGNAN,Nicolas,M.,74918,2.68,1.94
https://www.resultats-elections.interieur.gouv.fr/telechargements/PR2022/resultatsT1/052/052.xml,52,052,Pays de la Loire,1,2832949,652018,23.02,2180931,38872,1.37,1.78,14617,0.52,0.67,2127442,75.10,97.55,1,ARTHAUD,Nathalie,Mme,13853,0.65,0.49
https://www.resultats-elections.interieur.gouv.fr/telechargements/PR2022/resultatsT1/052/052.xml,52,052,Pays de la Loire,1,2832949,652018,23.02,2180931,38872,1.37,1.78,14617,0.52,0.67,2127442,75.10,97.55,2,ROUSSEL,Fabien,M.,45058,2.12,1.59
https://www.resultats-elections.interieur.gouv.fr/telechargements/PR2022/resultatsT1/052/052.xml,52,052,Pays de la Loire,1,2832949,652018,23.02,2180931,38872,1.37,1.78,14617,0.52,0.67,2127442,75.10,97.55,3,MACRON,Emmanuel,M.,707890,33.27,24.99
https://www.resultats-elections.interieur.gouv.fr/telechargements/PR2022/resultatsT1/052/052.xml,52,052,Pays de la Loire,1,2832949,652018,23.02,2180931,38872,1.37,1.78,14617,0.52,0.67,2127442,75.10,97.55,4,LASSALLE,Jean,M.,54592,2.57,1.93
https://www.resultats-elections.interieur.gouv.fr/telechargements/PR2022/resultatsT1/052/052.xml,52,052,Pays de la Loire,1,2832949,652018,23.02,2180931,38872,1.37,1.78,14617,0.52,0.67,2127442,75.10,97.55,5,LE PEN,Marine,Mme,442025,20.78,15.60
https://www.resultats-elections.interieur.gouv.fr/telechargements/PR2022/resultatsT1/052/052.xml,52,052,Pays de la Loire,1,2832949,652018,23.02,2180931,38872,1.37,1.78,14617,0.52,0.67,2127442,75.10,97.55,6,ZEMMOUR,Éric,M.,114388,5.38,4.04
https://www.resultats-elections.interieur.gouv.fr/telechargements/PR2022/resultatsT1/052/052.xml,52,052,Pays de la Loire,1,2832949,652018,23.02,2180931,38872,1.37,1.78,14617,0.52,0.67,2127442,75.10,97.55,7,MÉLENCHON,Jean-Luc,M.,408969,19.22,14.44
https://www.resultats-elections.interieur.gouv.fr/telechargements/PR2022/resultatsT1/052/052.xml,52,052,Pays de la Loire,1,2832949,652018,23.02,2180931,38872,1.37,1.78,14617,0.52,0.67,2127442,75.10,97.55,8,HIDALGO,Anne,Mme,43291,2.03,1.53
https://www.resultats-elections.interieur.gouv.fr/telechargements/PR2022/resultatsT1/052/052.xml,52,052,Pays de la Loire,1,2832949,652018,23.02,2180931,38872,1.37,1.78,14617,0.52,0.67,2127442,75.10,97.55,9,JADOT,Yannick,M.,127934,6.01,4.52
https://www.resultats-elections.interieur.gouv.fr/telechargements/PR2022/resultatsT1/052/052.xml,52,052,Pays de la Loire,1,2832949,652018,23.02,2180931,38872,1.37,1.78,14617,0.52,0.67,2127442,75.10,97.55,10,PÉCRESSE,Valérie,Mme,106786,5.02,3.77
https://www.resultats-elections.interieur.gouv.fr/telechargements/PR2022/resultatsT1/052/052.xml,52,052,Pays de la Loire,1,2832949,652018,23.02,2180931,38872,1.37,1.78,14617,0.52,0.67,2127442,75.10,97.55,11,POUTOU,Philippe,M.,18441,0.87,0.65
https://www.resultats-elections.interieur.gouv.fr/telechargements/PR2022/resultatsT1/052/052.xml,52,052,Pays de la Loire,1,2832949,652018,23.02,2180931,38872,1.37,1.78,14617,0.52,0.67,2127442,75.10,97.55,12,DUPONT-AIGNAN,Nicolas,M.,44215,2.08,1.56
https://www.resultats-elections.interieur.gouv.fr/telechargements/PR2022/resultatsT1/053/053.xml,53,053,Bretagne,1,2562072,543425,21.21,2018647,31867,1.24,1.58,13262,0.52,0.66,1973518,77.03,97.76,1,ARTHAUD,Nathalie,Mme,12965,0.66,0.51
https://www.resultats-elections.interieur.gouv.fr/telechargements/PR2022/resultatsT1/053/053.xml,53,053,Bretagne,1,2562072,543425,21.21,2018647,31867,1.24,1.58,13262,0.52,0.66,1973518,77.03,97.76,2,ROUSSEL,Fabien,M.,51193,2.59,2.00
https://www.resultats-elections.interieur.gouv.fr/telechargements/PR2022/resultatsT1/053/053.xml,53,053,Bretagne,1,2562072,543425,21.21,2018647,31867,1.24,1.58,13262,0.52,0.66,1973518,77.03,97.76,3,MACRON,Emmanuel,M.,647172,32.79,25.26
https://www.resultats-elections.interieur.gouv.fr/telechargements/PR2022/resultatsT1/053/053.xml,53,053,Bretagne,1,2562072,543425,21.21,2018647,31867,1.24,1.58,13262,0.52,0.66,1973518,77.03,97.76,4,LASSALLE,Jean,M.,58653,2.97,2.29
https://www.resultats-elections.interieur.gouv.fr/telechargements/PR2022/resultatsT1/053/053.xml,53,053,Bretagne,1,2562072,543425,21.21,2018647,31867,1.24,1.58,13262,0.52,0.66,1973518,77.03,97.76,5,LE PEN,Marine,Mme,385393,19.53,15.04
https://www.resultats-elections.interieur.gouv.fr/telechargements/PR2022/resultatsT1/053/053.xml,53,053,Bretagne,1,2562072,543425,21.21,2018647,31867,1.24,1.58,13262,0.52,0.66,1973518,77.03,97.76,6,ZEMMOUR,Éric,M.,96984,4.91,3.79
https://www.resultats-elections.interieur.gouv.fr/telechargements/PR2022/resultatsT1/053/053.xml,53,053,Bretagne,1,2562072,543425,21.21,2018647,31867,1.24,1.58,13262,0.52,0.66,1973518,77.03,97.76,7,MÉLENCHON,Jean-Luc,M.,407527,20.65,15.91
https://www.resultats-elections.interieur.gouv.fr/telechargements/PR2022/resultatsT1/053/053.xml,53,053,Bretagne,1,2562072,543425,21.21,2018647,31867,1.24,1.58,13262,0.52,0.66,1973518,77.03,97.76,8,HIDALGO,Anne,Mme,43596,2.21,1.70
https://www.resultats-elections.interieur.gouv.fr/telechargements/PR2022/resultatsT1/053/053.xml,53,053,Bretagne,1,2562072,543425,21.21,2018647,31867,1.24,1.58,13262,0.52,0.66,1973518,77.03,97.76,9,JADOT,Yannick,M.,122198,6.19,4.77
https://www.resultats-elections.interieur.gouv.fr/telechargements/PR2022/resultatsT1/053/053.xml,53,053,Bretagne,1,2562072,543425,21.21,2018647,31867,1.24,1.58,13262,0.52,0.66,1973518,77.03,97.76,10,PÉCRESSE,Valérie,Mme,92808,4.70,3.62
https://www.resultats-elections.interieur.gouv.fr/telechargements/PR2022/resultatsT1/053/053.xml,53,053,Bretagne,1,2562072,543425,21.21,2018647,31867,1.24,1.58,13262,0.52,0.66,1973518,77.03,97.76,11,POUTOU,Philippe,M.,19913,1.01,0.78
https://www.resultats-elections.interieur.gouv.fr/telechargements/PR2022/resultatsT1/053/053.xml,53,053,Bretagne,1,2562072,543425,21.21,2018647,31867,1.24,1.58,13262,0.52,0.66,1973518,77.03,97.76,12,DUPONT-AIGNAN,Nicolas,M.,35116,1.78,1.37
https://www.resultats-elections.interieur.gouv.fr/telechargements/PR2022/resultatsT1/075/075.xml,75,075,Nouvelle-Aquitaine,1,4463041,962499,21.57,3500542,53460,1.20,1.53,26262,0.59,0.75,3420820,76.65,97.72,1,ARTHAUD,Nathalie,Mme,18496,0.54,0.41
https://www.resultats-elections.interieur.gouv.fr/telechargements/PR2022/resultatsT1/075/075.xml,75,075,Nouvelle-Aquitaine,1,4463041,962499,21.57,3500542,53460,1.20,1.53,26262,0.59,0.75,3420820,76.65,97.72,2,ROUSSEL,Fabien,M.,96800,2.83,2.17
https://www.resultats-elections.interieur.gouv.fr/telechargements/PR2022/resultatsT1/075/075.xml,75,075,Nouvelle-Aquitaine,1,4463041,962499,21.57,3500542,53460,1.20,1.53,26262,0.59,0.75,3420820,76.65,97.72,3,MACRON,Emmanuel,M.,945332,27.63,21.18
https://www.resultats-elections.interieur.gouv.fr/telechargements/PR2022/resultatsT1/075/075.xml,75,075,Nouvelle-Aquitaine,1,4463041,962499,21.57,3500542,53460,1.20,1.53,26262,0.59,0.75,3420820,76.65,97.72,4,LASSALLE,Jean,M.,201773,5.90,4.52
https://www.resultats-elections.interieur.gouv.fr/telechargements/PR2022/resultatsT1/075/075.xml,75,075,Nouvelle-Aquitaine,1,4463041,962499,21.57,3500542,53460,1.20,1.53,26262,0.59,0.75,3420820,76.65,97.72,5,LE PEN,Marine,Mme,779948,22.80,17.48
https://www.resultats-elections.interieur.gouv.fr/telechargements/PR2022/resultatsT1/075/075.xml,75,075,Nouvelle-Aquitaine,1,4463041,962499,21.57,3500542,53460,1.20,1.53,26262,0.59,0.75,3420820,76.65,97.72,6,ZEMMOUR,Éric,M.,210501,6.15,4.72
https://www.resultats-elections.interieur.gouv.fr/telechargements/PR2022/resultatsT1/075/075.xml,75,075,Nouvelle-Aquitaine,1,4463041,962499,21.57,3500542,53460,1.20,1.53,26262,0.59,0.75,3420820,76.65,97.72,7,MÉLENCHON,Jean-Luc,M.,681405,19.92,15.27
https://www.resultats-elections.interieur.gouv.fr/telechargements/PR2022/resultatsT1/075/075.xml,75,075,Nouvelle-Aquitaine,1,4463041,962499,21.57,3500542,53460,1.20,1.53,26262,0.59,0.75,3420820,76.65,97.72,8,HIDALGO,Anne,Mme,77326,2.26,1.73
https://www.resultats-elections.interieur.gouv.fr/telechargements/PR2022/resultatsT1/075/075.xml,75,075,Nouvelle-Aquitaine,1,4463041,962499,21.57,3500542,53460,1.20,1.53,26262,0.59,0.75,3420820,76.65,97.72,9,JADOT,Yannick,M.,151747,4.44,3.40
https://www.resultats-elections.interieur.gouv.fr/telechargements/PR2022/resultatsT1/075/075.xml,75,075,Nouvelle-Aquitaine,1,4463041,962499,21.57,3500542,53460,1.20,1.53,26262,0.59,0.75,3420820,76.65,97.72,10,PÉCRESSE,Valérie,Mme,157230,4.60,3.52
https://www.resultats-elections.interieur.gouv.fr/telechargements/PR2022/resultatsT1/075/075.xml,75,075,Nouvelle-Aquitaine,1,4463041,962499,21.57,3500542,53460,1.20,1.53,26262,0.59,0.75,3420820,76.65,97.72,11,POUTOU,Philippe,M.,32600,0.95,0.73
https://www.resultats-elections.interieur.gouv.fr/telechargements/PR2022/resultatsT1/075/075.xml,75,075,Nouvelle-Aquitaine,1,4463041,962499,21.57,3500542,53460,1.20,1.53,26262,0.59,0.75,3420820,76.65,97.72,12,DUPONT-AIGNAN,Nicolas,M.,67662,1.98,1.52
https://www.resultats-elections.interieur.gouv.fr/telechargements/PR2022/resultatsT1/076/076.xml,76,076,Occitanie,1,4323929,940543,21.75,3383386,47912,1.11,1.42,23378,0.54,0.69,3312096,76.60,97.89,1,ARTHAUD,Nathalie,Mme,14884,0.45,0.34
https://www.resultats-elections.interieur.gouv.fr/telechargements/PR2022/resultatsT1/076/076.xml,76,076,Occitanie,1,4323929,940543,21.75,3383386,47912,1.11,1.42,23378,0.54,0.69,3312096,76.60,97.89,2,ROUSSEL,Fabien,M.,83483,2.52,1.93
https://www.resultats-elections.interieur.gouv.fr/telechargements/PR2022/resultatsT1/076/076.xml,76,076,Occitanie,1,4323929,940543,21.75,3383386,47912,1.11,1.42,23378,0.54,0.69,3312096,76.60,97.89,3,MACRON,Emmanuel,M.,777780,23.48,17.99
https://www.resultats-elections.interieur.gouv.fr/telechargements/PR2022/resultatsT1/076/076.xml,76,076,Occitanie,1,4323929,940543,21.75,3383386,47912,1.11,1.42,23378,0.54,0.69,3312096,76.60,97.89,4,LASSALLE,Jean,M.,184994,5.59,4.28
https://www.resultats-elections.interieur.gouv.fr/telechargements/PR2022/resultatsT1/076/076.xml,76,076,Occitanie,1,4323929,940543,21.75,3383386,47912,1.11,1.42,23378,0.54,0.69,3312096,76.60,97.89,5,LE PEN,Marine,Mme,815495,24.62,18.86
https://www.resultats-elections.interieur.gouv.fr/telechargements/PR2022/resultatsT1/076/076.xml,76,076,Occitanie,1,4323929,940543,21.75,3383386,47912,1.11,1.42,23378,0.54,0.69,3312096,76.60,97.89,6,ZEMMOUR,Éric,M.,260212,7.86,6.02
https://www.resultats-elections.interieur.gouv.fr/telechargements/PR2022/resultatsT1/076/076.xml,76,076,Occitanie,1,4323929,940543,21.75,3383386,47912,1.11,1.42,23378,0.54,0.69,3312096,76.60,97.89,7,MÉLENCHON,Jean-Luc,M.,742543,22.42,17.17
https://www.resultats-elections.interieur.gouv.fr/telechargements/PR2022/resultatsT1/076/076.xml,76,076,Occitanie,1,4323929,940543,21.75,3383386,47912,1.11,1.42,23378,0.54,0.69,3312096,76.60,97.89,8,HIDALGO,Anne,Mme,77166,2.33,1.78
https://www.resultats-elections.interieur.gouv.fr/telechargements/PR2022/resultatsT1/076/076.xml,76,076,Occitanie,1,4323929,940543,21.75,3383386,47912,1.11,1.42,23378,0.54,0.69,3312096,76.60,97.89,9,JADOT,Yannick,M.,139234,4.20,3.22
https://www.resultats-elections.interieur.gouv.fr/telechargements/PR2022/resultatsT1/076/076.xml,76,076,Occitanie,1,4323929,940543,21.75,3383386,47912,1.11,1.42,23378,0.54,0.69,3312096,76.60,97.89,10,PÉCRESSE,Valérie,Mme,129143,3.90,2.99
https://www.resultats-elections.interieur.gouv.fr/telechargements/PR2022/resultatsT1/076/076.xml,76,076,Occitanie,1,4323929,940543,21.75,3383386,47912,1.11,1.42,23378,0.54,0.69,3312096,76.60,97.89,11,POUTOU,Philippe,M.,23902,0.72,0.55
https://www.resultats-elections.interieur.gouv.fr/telechargements/PR2022/resultatsT1/076/076.xml,76,076,Occitanie,1,4323929,940543,21.75,3383386,47912,1.11,1.42,23378,0.54,0.69,3312096,76.60,97.89,12,DUPONT-AIGNAN,Nicolas,M.,63260,1.91,1.46
https://www.resultats-elections.interieur.gouv.fr/telechargements/PR2022/resultatsT1/084/084.xml,84,084,Auvergne-Rhône-Alpes,1,5557535,1228490,22.10,4329045,70084,1.26,1.62,24978,0.45,0.58,4233983,76.18,97.80,1,ARTHAUD,Nathalie,Mme,23137,0.55,0.42
https://www.resultats-elections.interieur.gouv.fr/telechargements/PR2022/resultatsT1/084/084.xml,84,084,Auvergne-Rhône-Alpes,1,5557535,1228490,22.10,4329045,70084,1.26,1.62,24978,0.45,0.58,4233983,76.18,97.80,2,ROUSSEL,Fabien,M.,96409,2.28,1.73
https://www.resultats-elections.interieur.gouv.fr/telechargements/PR2022/resultatsT1/084/084.xml,84,084,Auvergne-Rhône-Alpes,1,5557535,1228490,22.10,4329045,70084,1.26,1.62,24978,0.45,0.58,4233983,76.18,97.80,3,MACRON,Emmanuel,M.,1175085,27.75,21.14
https://www.resultats-elections.interieur.gouv.fr/telechargements/PR2022/resultatsT1/084/084.xml,84,084,Auvergne-Rhône-Alpes,1,5557535,1228490,22.10,4329045,70084,1.26,1.62,24978,0.45,0.58,4233983,76.18,97.80,4,LASSALLE,Jean,M.,136436,3.22,2.45
https://www.resultats-elections.interieur.gouv.fr/telechargements/PR2022/resultatsT1/084/084.xml,84,084,Auvergne-Rhône-Alpes,1,5557535,1228490,22.10,4329045,70084,1.26,1.62,24978,0.45,0.58,4233983,76.18,97.80,5,LE PEN,Marine,Mme,943294,22.28,16.97
https://www.resultats-elections.interieur.gouv.fr/telechargements/PR2022/resultatsT1/084/084.xml,84,084,Auvergne-Rhône-Alpes,1,5557535,1228490,22.10,4329045,70084,1.26,1.62,24978,0.45,0.58,4233983,76.18,97.80,6,ZEMMOUR,Éric,M.,312916,7.39,5.63
https://www.resultats-elections.interieur.gouv.fr/telechargements/PR2022/resultatsT1/084/084.xml,84,084,Auvergne-Rhône-Alpes,1,5557535,1228490,22.10,4329045,70084,1.26,1.62,24978,0.45,0.58,4233983,76.18,97.80,7,MÉLENCHON,Jean-Luc,M.,897434,21.20,16.15
https://www.resultats-elections.interieur.gouv.fr/telechargements/PR2022/resultatsT1/084/084.xml,84,084,Auvergne-Rhône-Alpes,1,5557535,1228490,22.10,4329045,70084,1.26,1.62,24978,0.45,0.58,4233983,76.18,97.80,8,HIDALGO,Anne,Mme,77570,1.83,1.40
https://www.resultats-elections.interieur.gouv.fr/telechargements/PR2022/resultatsT1/084/084.xml,84,084,Auvergne-Rhône-Alpes,1,5557535,1228490,22.10,4329045,70084,1.26,1.62,24978,0.45,0.58,4233983,76.18,97.80,9,JADOT,Yannick,M.,224735,5.31,4.04
https://www.resultats-elections.interieur.gouv.fr/telechargements/PR2022/resultatsT1/084/084.xml,84,084,Auvergne-Rhône-Alpes,1,5557535,1228490,22.10,4329045,70084,1.26,1.62,24978,0.45,0.58,4233983,76.18,97.80,10,PÉCRESSE,Valérie,Mme,217906,5.15,3.92
https://www.resultats-elections.interieur.gouv.fr/telechargements/PR2022/resultatsT1/084/084.xml,84,084,Auvergne-Rhône-Alpes,1,5557535,1228490,22.10,4329045,70084,1.26,1.62,24978,0.45,0.58,4233983,76.18,97.80,11,POUTOU,Philippe,M.,30596,0.72,0.55
https://www.resultats-elections.interieur.gouv.fr/telechargements/PR2022/resultatsT1/084/084.xml,84,084,Auvergne-Rhône-Alpes,1,5557535,1228490,22.10,4329045,70084,1.26,1.62,24978,0.45,0.58,4233983,76.18,97.80,12,DUPONT-AIGNAN,Nicolas,M.,98465,2.33,1.77
https://www.resultats-elections.interieur.gouv.fr/telechargements/PR2022/resultatsT1/093/093.xml,93,093,Provence-Alpes-Côte d'Azur,1,3663893,959598,26.19,2704295,35971,0.98,1.33,14107,0.39,0.52,2654217,72.44,98.15,1,ARTHAUD,Nathalie,Mme,9473,0.36,0.26
https://www.resultats-elections.interieur.gouv.fr/telechargements/PR2022/resultatsT1/093/093.xml,93,093,Provence-Alpes-Côte d'Azur,1,3663893,959598,26.19,2704295,35971,0.98,1.33,14107,0.39,0.52,2654217,72.44,98.15,2,ROUSSEL,Fabien,M.,54730,2.06,1.49
https://www.resultats-elections.interieur.gouv.fr/telechargements/PR2022/resultatsT1/093/093.xml,93,093,Provence-Alpes-Côte d'Azur,1,3663893,959598,26.19,2704295,35971,0.98,1.33,14107,0.39,0.52,2654217,72.44,98.15,3,MACRON,Emmanuel,M.,619529,23.34,16.91
https://www.resultats-elections.interieur.gouv.fr/telechargements/PR2022/resultatsT1/093/093.xml,93,093,Provence-Alpes-Côte d'Azur,1,3663893,959598,26.19,2704295,35971,0.98,1.33,14107,0.39,0.52,2654217,72.44,98.15,4,LASSALLE,Jean,M.,72847,2.74,1.99
https://www.resultats-elections.interieur.gouv.fr/telechargements/PR2022/resultatsT1/093/093.xml,93,093,Provence-Alpes-Côte d'Azur,1,3663893,959598,26.19,2704295,35971,0.98,1.33,14107,0.39,0.52,2654217,72.44,98.15,5,LE PEN,Marine,Mme,732377,27.59,19.99
https://www.resultats-elections.interieur.gouv.fr/telechargements/PR2022/resultatsT1/093/093.xml,93,093,Provence-Alpes-Côte d'Azur,1,3663893,959598,26.19,2704295,35971,0.98,1.33,14107,0.39,0.52,2654217,72.44,98.15,6,ZEMMOUR,Éric,M.,310838,11.71,8.48
https://www.resultats-elections.interieur.gouv.fr/telechargements/PR2022/resultatsT1/093/093.xml,93,093,Provence-Alpes-Côte d'Azur,1,3663893,959598,26.19,2704295,35971,0.98,1.33,14107,0.39,0.52,2654217,72.44,98.15,7,MÉLENCHON,Jean-Luc,M.,524677,19.77,14.32
https://www.resultats-elections.interieur.gouv.fr/telechargements/PR2022/resultatsT1/093/093.xml,93,093,Provence-Alpes-Côte d'Azur,1,3663893,959598,26.19,2704295,35971,0.98,1.33,14107,0.39,0.52,2654217,72.44,98.15,8,HIDALGO,Anne,Mme,29511,1.11,0.81
https://www.resultats-elections.interieur.gouv.fr/telechargements/PR2022/resultatsT1/093/093.xml,93,093,Provence-Alpes-Côte d'Azur,1,3663893,959598,26.19,2704295,35971,0.98,1.33,14107,0.39,0.52,2654217,72.44,98.15,9,JADOT,Yannick,M.,107670,4.06,2.94
https://www.resultats-elections.interieur.gouv.fr/telechargements/PR2022/resultatsT1/093/093.xml,93,093,Provence-Alpes-Côte d'Azur,1,3663893,959598,26.19,2704295,35971,0.98,1.33,14107,0.39,0.52,2654217,72.44,98.15,10,PÉCRESSE,Valérie,Mme,116137,4.38,3.17
https://www.resultats-elections.interieur.gouv.fr/telechargements/PR2022/resultatsT1/093/093.xml,93,093,Provence-Alpes-Côte d'Azur,1,3663893,959598,26.19,2704295,35971,0.98,1.33,14107,0.39,0.52,2654217,72.44,98.15,11,POUTOU,Philippe,M.,16224,0.61,0.44
https://www.resultats-elections.interieur.gouv.fr/telechargements/PR2022/resultatsT1/093/093.xml,93,093,Provence-Alpes-Côte d'Azur,1,3663893,959598,26.19,2704295,35971,0.98,1.33,14107,0.39,0.52,2654217,72.44,98.15,12,DUPONT-AIGNAN,Nicolas,M.,60204,2.27,1.64
https://www.resultats-elections.interieur.gouv.fr/telechargements/PR2022/resultatsT1/094/094.xml,94,094,Corse,1,243039,90636,37.29,152403,2521,1.04,1.65,1946,0.80,1.28,147936,60.87,97.07,1,ARTHAUD,Nathalie,Mme,455,0.31,0.19
https://www.resultats-elections.interieur.gouv.fr/telechargements/PR2022/resultatsT1/094/094.xml,94,094,Corse,1,243039,90636,37.29,152403,2521,1.04,1.65,1946,0.80,1.28,147936,60.87,97.07,2,ROUSSEL,Fabien,M.,4553,3.08,1.87
https://www.resultats-elections.interieur.gouv.fr/telechargements/PR2022/resultatsT1/094/094.xml,94,094,Corse,1,243039,90636,37.29,152403,2521,1.04,1.65,1946,0.80,1.28,147936,60.87,97.07,3,MACRON,Emmanuel,M.,26795,18.11,11.02
https://www.resultats-elections.interieur.gouv.fr/telechargements/PR2022/resultatsT1/094/094.xml,94,094,Corse,1,243039,90636,37.29,152403,2521,1.04,1.65,1946,0.80,1.28,147936,60.87,97.07,4,LASSALLE,Jean,M.,15408,10.42,6.34
https://www.resultats-elections.interieur.gouv.fr/telechargements/PR2022/resultatsT1/094/094.xml,94,094,Corse,1,243039,90636,37.29,152403,2521,1.04,1.65,1946,0.80,1.28,147936,60.87,97.07,5,LE PEN,Marine,Mme,42283,28.58,17.40
https://www.resultats-elections.interieur.gouv.fr/telechargements/PR2022/resultatsT1/094/094.xml,94,094,Corse,1,243039,90636,37.29,152403,2521,1.04,1.65,1946,0.80,1.28,147936,60.87,97.07,6,ZEMMOUR,Éric,M.,18936,12.80,7.79
https://www.resultats-elections.interieur.gouv.fr/telechargements/PR2022/resultatsT1/094/094.xml,94,094,Corse,1,243039,90636,37.29,152403,2521,1.04,1.65,1946,0.80,1.28,147936,60.87,97.07,7,MÉLENCHON,Jean-Luc,M.,19779,13.37,8.14
https://www.resultats-elections.interieur.gouv.fr/telechargements/PR2022/resultatsT1/094/094.xml,94,094,Corse,1,243039,90636,37.29,152403,2521,1.04,1.65,1946,0.80,1.28,147936,60.87,97.07,8,HIDALGO,Anne,Mme,1589,1.07,0.65
https://www.resultats-elections.interieur.gouv.fr/telechargements/PR2022/resultatsT1/094/094.xml,94,094,Corse,1,243039,90636,37.29,152403,2521,1.04,1.65,1946,0.80,1.28,147936,60.87,97.07,9,JADOT,Yannick,M.,4801,3.25,1.98
https://www.resultats-elections.interieur.gouv.fr/telechargements/PR2022/resultatsT1/094/094.xml,94,094,Corse,1,243039,90636,37.29,152403,2521,1.04,1.65,1946,0.80,1.28,147936,60.87,97.07,10,PÉCRESSE,Valérie,Mme,9363,6.33,3.85
https://www.resultats-elections.interieur.gouv.fr/telechargements/PR2022/resultatsT1/094/094.xml,94,094,Corse,1,243039,90636,37.29,152403,2521,1.04,1.65,1946,0.80,1.28,147936,60.87,97.07,11,POUTOU,Philippe,M.,1374,0.93,0.57
https://www.resultats-elections.interieur.gouv.fr/telechargements/PR2022/resultatsT1/094/094.xml,94,094,Corse,1,243039,90636,37.29,152403,2521,1.04,1.65,1946,0.80,1.28,147936,60.87,97.07,12,DUPONT-AIGNAN,Nicolas,M.,2600,1.76,1.07
